,basin,D_P,D_ET,P_ET,D_var,P_var,ET_var,year
0,11446500,0.1572598019660145,0.9883351579691715,0.172412784874348,12548.652381502432,19872.101214164082,17075.95710429858,2001
1,11446500,,,,,,,2002
2,11446500,,,,,,,2003
3,11446500,,,,,,,2004
4,11446500,,,,,,,2005
5,11446500,,,,,,,2006
6,11446500,,,,,,,2007
7,11446500,,,,,,,2008
8,11446500,,,,,,,2009
9,11446500,,,,,,,2010
10,11446500,,,,,,,2011
11,11446500,,,,,,,2012
12,11446500,,,,,,,2013
13,11446500,,,,,,,2014
14,11446500,,,,,,,2015
15,11446500,,,,,,,2016
16,11446500,,,,,,,2017
17,11446500,,,,,,,2018
18,11446500,,,,,,,2019
19,11446500,,,,,,,2020
20,11446500,,,,,,,2021
21,11446500,,,,,,,2022
22,11446500,,,,,,,2023
23,11186000,-0.22828460944052728,0.9955261568116239,-0.2287270884310742,32366.719949788803,34900.28432644947,37250.69732629937,2001
24,11186000,0.08474613945672248,0.9782817867212733,0.1736976062105506,18517.2723994122,62455.523691455885,33649.016881486365,2002
25,11186000,0.09324356559396928,0.9766099738209881,0.13103197547728704,14336.022295332672,66925.43714014534,24683.95570883793,2003
26,11186000,0.03599265434704127,0.9641058916501792,0.17205020713039496,19007.84033134677,32252.218890104425,26951.752878851854,2004
27,11186000,0.009670774906214798,0.9621721733274744,0.09511241046347911,10538.01749471496,56038.65096319152,23415.344995629246,2005
28,11186000,-0.07210879875699716,0.9887492517453614,-0.07226246451047381,14930.715871179527,58636.57809361138,24459.76291143259,2006
29,11186000,0.045332421713815296,0.9381866751882078,0.12643191604765905,30102.111399020825,12006.723878582754,27262.954930663334,2007
30,11186000,-0.030432031974423818,0.9336156195609655,0.07419053465037952,28841.499151152017,19249.645419674005,25116.831826640846,2008
31,11186000,-0.09547316883627803,0.8556813427738105,0.030534148702642993,33746.423764838444,29428.685961478255,22904.130467218332,2009
32,11186000,-0.19170494178427638,0.8412199739538624,-0.03573991109507849,23669.40900237478,48653.91989406507,21365.2140995254,2010
33,11186000,-0.22274752792650535,0.8736333640794071,-0.039367398870922464,12196.705214182424,77853.03163152594,22890.034297072445,2011
34,11186000,0.003852893678822679,0.8923902001899457,0.1980823120424583,21154.411107774726,19517.467825739524,26037.331677308266,2012
35,11186000,-0.2629190506752875,0.8481716208700398,0.047554049805554104,62968.78600145472,12636.913773334481,25302.70505081814,2013
36,11186000,-0.37251749870545964,0.8821169265763691,-0.1157277181970067,138913.5996309971,6761.827337662002,22340.82587938537,2014
37,11186000,-0.41515485208157554,0.8837541955343974,-0.1392721482858223,234839.26161307984,7634.571100112447,21881.928238241464,2015
38,11186000,-0.3423936211100422,0.5398784239120308,-0.10687447887175948,155683.52173479702,26262.568937721047,6098.662416899963,2016
39,11186000,-0.5458106012229901,0.44275229049915726,-0.10014218890464684,80690.02738725538,89958.73199740247,5359.411866135701,2017
40,11186000,-0.5513354999919821,0.29667172868167385,-0.08354034651884164,232841.91592954876,15373.718069723409,5356.193717531676,2018
41,11186000,-0.5457194562967795,0.4119573715228552,-0.048371212819641046,74384.48080445999,39703.84599122756,7055.099421720988,2019
42,11186000,-0.4512982086261884,-0.44801876572042487,-0.07606357042178664,528094.210081628,10180.92045812671,15179.285808194316,2020
43,11186000,-0.4378712338044126,0.5573989509869776,0.06599857293790384,274559.5001634159,3801.03174887412,14053.504930822703,2021
44,11186000,-0.5949574981656429,0.548319663545178,-0.21376551156624726,306531.7389596924,8193.665890033148,8911.581327602064,2022
45,11186000,-0.3394394408560385,0.572447648294392,0.0925914573718247,17825.923344580144,87961.1665357076,9976.477989761497,2023
46,11270900,-0.155472312757796,0.9946468570644381,-0.16501199793623023,23414.139963643844,18034.996579005445,25328.349029645608,2001
47,11270900,-0.3008787780548045,0.98859708864786,-0.198468956084463,15048.40025435332,39091.0112614477,30588.084332162212,2002
48,11270900,-0.3579580082389622,0.9716762217626825,-0.18778923618599858,15806.527550330498,79048.71263959493,28625.58662508932,2003
49,11270900,-0.33444191530197964,0.9849345383847401,-0.2314487559620063,23733.393083966053,34870.15330530057,36018.11408284408,2004
50,11270900,-0.3310626196985286,0.9864479529112579,-0.23559480689425277,12670.902913797865,84678.92532443606,26977.681427948675,2005
51,11270900,-0.26157424970026827,0.9957187607021868,-0.2301423577440315,19213.270347626767,99444.531023129,31156.663832482765,2006
52,11270900,-0.17121288207710256,0.9673306619028115,-0.07534837811995848,44820.748499169735,9439.862484644196,36670.993460353704,2007
53,11270900,-0.28731040211028086,0.957418815805206,-0.21767809247435205,45654.23233469003,27178.627935890494,35277.87153924255,2008
54,11270900,-0.25557111087548523,0.8722795224646337,-0.07277829593838997,29532.244374681606,52455.56420251894,30468.587375033036,2009
55,11270900,-0.3454532969320445,0.9684268198291133,-0.24636992442342734,12700.262990853065,65637.32371265083,25554.86288595875,2010
56,11270900,-0.5011511510572643,0.9629628900449679,-0.3032145845185806,11976.677241316684,154702.74800670706,28845.17357477232,2011
57,11270900,-0.13775985467904517,0.9619467113777893,0.039895015305781545,19142.581257452508,15108.469377558504,31421.570373702256,2012
58,11270900,-0.32192088605501623,0.9343361623792059,-0.10973094686552276,28260.9513288037,29417.523367775775,33684.22866389159,2013
59,11270900,-0.29308701034382256,0.8713648244865727,0.06403256526677754,69641.38986497316,12980.99821045392,29654.090845355506,2014
60,11270900,-0.35630913229182765,0.8405201555158868,0.07526118113031735,150505.68274336663,11771.386263596269,26957.247289612744,2015
61,11270900,0.005658092352990455,0.7667124180289627,0.2944215905080754,53954.19874114783,23372.85703495211,14288.010201857498,2016
62,11270900,0.4000347310919398,0.9664144017313191,0.3911326901620219,7197.24527994692,225910.42762129637,16832.40167670578,2017
63,11270900,0.5037526290255628,0.9717151690155562,0.4703019125037058,6944.203048504228,21395.241886040698,15169.987149510756,2018
64,11270900,0.02549701455960565,0.9774372328286762,0.032022921345837424,4751.084390964593,69854.76539571234,13211.08035429915,2019
65,11270900,-0.03741427138990841,0.9351047823710056,0.11637349001419499,15667.69084938227,7566.351530784381,17706.404051467227,2020
66,11270900,-0.05096271774578829,0.9266841630709953,0.1357208990039603,46927.513263626075,8682.436510793752,23485.087491080336,2021
67,11270900,-0.27404698295067104,0.8759977044834818,-0.06468708145974972,30270.462591105905,30591.929117400992,19633.655121106385,2022
68,11270900,-0.3261810709443809,0.9830768442533019,-0.1786951118201791,15800.79775654135,159686.40653177068,21923.98007797991,2023
69,11403800,-0.31843489467001973,0.5515590514667984,0.14647170606455634,7800.037835590961,83049.9803655293,11089.861356522004,2001
70,11403800,-0.5685161122193734,0.23490834015930695,0.05790035646050215,26188.256638696257,176749.77255061772,11265.703397080446,2002
71,11403800,-0.5436298026821926,0.22759773373061368,0.010763841502181896,44702.366116774254,313201.9390389374,8940.373948975524,2003
72,11403800,-0.4856521603331091,0.26528627282639083,0.08443204221590102,56480.18582657563,116771.8256366288,11982.598647048713,2004
73,11403800,-0.5240723505274735,0.013170047283175907,0.14847171440992316,40111.1079734767,145389.98877441286,7044.170380258815,2005
74,11403800,-0.3697555040066934,0.32458803405548814,-0.05116841534529149,30353.710446072037,350590.52845514077,9321.40439985767,2006
75,11403800,-0.5264959041823893,0.11077482674915129,0.17521269326429767,53729.74883409197,69723.59524636492,10392.06688706539,2007
76,11403800,-0.47783522203147905,-0.12255891228406064,0.2263906747409676,57177.56043047166,60788.97229701499,11424.990934639745,2008
77,11403800,-0.5545662301940049,-0.09375863184664299,0.19321077650748478,50346.19924210477,134446.1275707233,7951.631351016735,2009
78,11403800,-0.48624173118138303,-0.029232471406312143,0.0469187367241574,46382.96556524993,156215.53848908297,5410.330583947061,2010
79,11403800,-0.3932258943882214,0.07449320183267073,0.05160704831998191,21781.457238688225,269931.572420458,5718.272349132034,2011
80,11403800,-0.4616386958013709,-0.03570858367933292,0.2208799747871423,43011.28534251669,105914.81517769757,8840.53128448669,2012
81,11403800,-0.47298164661962505,0.05043846184311953,0.08849006876086526,44768.390067441476,121883.65068752626,10062.42395551604,2013
82,11403800,-0.5539828088583764,0.029198379717959976,0.14464155861156067,104619.30518414982,60050.32493308355,9820.349070403592,2014
83,11403800,-0.5504419228454426,0.09231800325023866,0.004748238636143949,135202.98095650945,88341.7177872252,9156.595313549535,2015
84,11403800,-0.4620612566104006,-0.10739168712543291,0.2572301692221724,43079.282966224484,172618.6409298973,6757.92366036569,2016
85,11403800,-0.2136442467064224,0.14333886945072563,0.21398093737606172,27588.981615902107,356117.9672822062,8284.777449586627,2017
86,11403800,-0.19195281830789981,0.05746091863966729,0.19810459199030436,29582.890467039386,86066.13695559812,8341.45662541483,2018
87,11403800,-0.24952676356685968,-0.01184506611319127,0.23940231728918843,14471.53535849827,200788.49115324995,7470.183871872711,2019
88,11403800,-0.3962239146329725,-0.01814685823188799,0.17868839671091932,33091.6490414755,45590.41012955979,10214.691915195119,2020
89,11403800,-0.5174499681504194,0.16911703743084014,0.15583468367283723,99502.14239713721,22309.42969799822,10128.238470363147,2021
90,11403800,-0.43965465957008476,0.2646130650147185,0.08234004475798341,20695.93612370784,50963.47497603311,6903.614821269185,2022
91,11403800,-0.39537589275312596,0.532614185122916,-0.06959757655906273,8202.944505771451,156851.48015618525,8568.52179466417,2023
92,11234760,-0.4698324180309625,0.9821655415530323,-0.46864394309645585,23009.42878167408,17272.167191328597,23558.930702125,2001
93,11234760,-0.2226594125533131,0.9934539260188474,-0.18738863453881663,13461.134234466488,20422.069644010233,27772.479714687943,2002
94,11234760,0.051114226247024455,0.9842416935243002,0.06364193043010075,16350.13698595773,26972.0974794173,24769.944014835375,2003
95,11234760,-0.10650307425441173,0.9927255614794539,-0.1335939417089953,20459.57624964501,14937.38901279632,28787.77978509379,2004
96,11234760,-0.41298440278005144,0.9894907670308957,-0.410491095252229,11089.928293502739,47705.72972141038,23076.19525851275,2005
97,11234760,-0.2334565657286188,0.9897805999884719,-0.2325346565261984,13980.879125361878,31554.032380309614,27065.05791039052,2006
98,11234760,-0.5900879111928943,0.9691836277109852,-0.599211410166696,25617.319116401428,6487.197834820136,27337.62662393287,2007
99,11234760,-0.57258052358129,0.9858729918396325,-0.5406834802156912,21879.620559129704,22682.0950795901,27573.744806644667,2008
100,11234760,-0.41678798590049,0.9791761083783602,-0.40355571921403327,9975.238354564606,20387.701492205044,24449.226097120696,2009
101,11234760,-0.2550163364775275,0.9861843640675556,-0.1962843803569191,11464.48772332247,26259.382962932697,22397.87219198456,2010
102,11234760,-0.23061782641747072,0.9880732719930525,-0.24055568204836147,10259.007546238101,59191.09081110176,26156.724017734985,2011
103,11234760,-0.15527043970779275,0.995074166857671,-0.12570457082444103,14473.302167469825,5183.919084475637,28511.979044323507,2012
104,11234760,-0.1972002951779275,0.9925892013941986,-0.15965055239476053,17388.456105494522,10802.571702029722,27979.27856983892,2013
105,11234760,-0.502650545535554,0.9606526686306684,-0.4912188715736359,41176.45992308798,4534.0065814371965,26222.89779994533,2014
106,11234760,-0.42531092318158753,0.9423262455372667,-0.3708868928456229,89451.46144815601,1930.3998841975354,23963.690800593413,2015
107,11234760,-0.38174337864732716,0.85425028270685,-0.4334060903289138,14686.24500570226,9614.46713633843,11444.09890394278,2016
108,11234760,-0.29658046346131556,0.9520832092768641,-0.3326933164104552,7042.23309510649,65581.40390155002,12266.028221263949,2017
109,11234760,-0.46077709860077637,0.9457184290267474,-0.4979108179284954,5064.530122660061,7987.041850893514,11479.477294739407,2018
110,11234760,-0.3348682606538358,0.9886538166541174,-0.32172421406832286,5786.220150869171,23025.338680330697,14868.717640238676,2019
111,11234760,-0.4729811614472974,0.9798344582993823,-0.44706223335597395,9058.453242545125,4591.86924791367,18331.36487671336,2020
112,11234760,-0.44950527699501724,0.9189682226255208,-0.27274930703435546,11639.418060262617,2651.403141456097,12006.242293199502,2021
113,11234760,-0.4175715662889305,0.9396643295457883,-0.22257065190237207,6413.611672063124,9223.428981478324,9113.522798619224,2022
114,11234760,-0.23483123483099103,0.9701688256035963,-0.18676562698681637,5414.879479166129,41650.225317117285,8367.750646982191,2023
115,11302000,-0.22574582270453508,0.9825866173131195,-0.19303220294695486,14336.34871626571,28394.948457880317,15263.018134872807,2001
116,11302000,-0.31504327035628793,0.9723971131871791,-0.14802019905851496,10557.683728199787,65210.05532364312,18986.524042987065,2002
117,11302000,-0.5151384906116339,0.892464985442533,-0.16612296834048004,10714.198551010728,88242.78510132768,16361.126496301544,2003
118,11302000,-0.5549509705486935,0.9270311126178198,-0.2923492115069932,17885.791624876518,64795.47996884521,23877.784953859045,2004
119,11302000,-0.3680899689065736,0.9506602703520496,-0.227163671139376,7772.771526591093,93381.22401611436,15703.740956080776,2005
120,11302000,-0.20358510314246198,0.9776643367389615,-0.11541740057199266,10726.81847727489,131380.4478795893,20001.468471018252,2006
121,11302000,-0.3084745752427784,0.914525312031296,-0.009628109843437623,17300.34542318066,24906.100701179064,24254.55135791298,2007
122,11302000,-0.5093452243003342,0.8960016319768186,-0.24692045048781375,22385.127456306152,33301.78039296196,23596.323122770755,2008
123,11302000,-0.5443860467382162,0.7137435853987004,-0.19039017557004026,18917.809539330527,88206.21019585642,18280.81952644696,2009
124,11302000,-0.37843001468869925,0.8634173517863452,-0.2690162991538696,8378.389731438463,57868.44492991292,13701.132962713738,2010
125,11302000,-0.5164454772621516,0.9227530656708431,-0.21268006999228,7609.930588389395,161821.26891451358,16023.531731644336,2011
126,11302000,-0.09106836108822843,0.9185023416232786,0.2028786704866859,10906.881884788445,20959.364688784593,18640.154155175253,2012
127,11302000,-0.555146480295669,0.7785439452653552,-0.015974888187958267,12999.589887073196,48073.977401187934,20507.288742422963,2013
128,11302000,-0.6304875582246413,0.6427649878579562,0.05382726552285737,27564.849293272044,29924.87216881412,18654.621854390436,2014
129,11302000,-0.6919988869228716,0.5220709207775663,0.06404553138249795,49231.17208308406,27215.78156921677,15746.28435132024,2015
130,11302000,-0.1452757998865499,0.7443749315606056,0.23766562956756163,8547.528839027416,58548.53191013238,12098.97038434305,2016
131,11302000,-0.2308881738223964,0.8894855560668103,0.162161468408889,9502.278098766137,332416.1448272799,12977.092644453536,2017
132,11302000,0.17907355546944442,0.9745149756206087,0.2519026665154229,5861.1299375383005,56023.85677169693,13824.1323817731,2018
133,11302000,-0.16747794158616072,0.9471923439895398,-0.03309531730954382,4678.524378785475,89558.87428863444,13442.095171938925,2019
134,11302000,-0.20768954160025577,0.9044298346485325,0.08219059826678493,8475.829118625123,24848.28208039753,16782.280870493898,2020
135,11302000,-0.5015043328901164,0.8724580815052042,-0.14769263684250786,39345.76267340144,20607.291877559288,20871.24319478569,2021
136,11302000,-0.5886414015774478,0.7682671279880234,-0.12457415563179726,28505.291263822866,64379.19570055579,14310.230214907277,2022
137,11302000,-0.5811280817895305,0.8840360755602122,-0.1667761437121397,12494.242694028106,150044.9651380396,14578.966780739373,2023
138,11289650,-0.4730498386587448,0.9886900883946966,-0.4695747897722846,27308.504300211043,24518.391414133966,28576.55077909554,2001
139,11289650,-0.45210135954368696,0.9820418620232714,-0.3568561849280671,18723.77853871693,52105.897359503135,34622.54551065162,2002
140,11289650,-0.5128990695344178,0.9504544537562232,-0.3364329858871265,18587.81722547874,73767.13708790735,31753.94907396815,2003
141,11289650,-0.5335753047320295,0.9552593942009002,-0.41778867644314904,29240.780991083615,48834.04353451781,41013.2576570026,2004
142,11289650,-0.4226258278289652,0.9544526544619167,-0.31958049327730836,15364.65753248977,81297.44488110447,31139.711487375207,2005
143,11289650,-0.3503075404481667,0.9819250331147023,-0.3221193387097888,20869.13222688787,110562.24718390821,36489.6400946844,2006
144,11289650,-0.40045592635237265,0.9463964315238992,-0.2596171273180981,36066.68812337605,18073.251664478175,41352.406811756475,2007
145,11289650,-0.53283011793648,0.9410734081906019,-0.43172761727117753,39052.04808773914,30019.66430018013,39785.46222148743,2008
146,11289650,-0.5306052100239644,0.8682680388339471,-0.3588761061798272,24453.369143668744,71770.3050391911,33391.301381536105,2009
147,11289650,-0.5073799512349417,0.9724434329446686,-0.43297632355500554,13458.45026446934,54413.71517530421,28573.36409896452,2010
148,11289650,-0.48575536844708533,0.9703742464448616,-0.3393457774246051,12431.794426030163,144598.05417949543,31093.708005572586,2011
149,11289650,-0.31136814694049075,0.9079918305353158,-0.10246272187195858,24482.159675331415,20015.87848367045,34682.88987769948,2012
150,11289650,-0.5441370463455898,0.9099559089308171,-0.2984287452726577,26121.520648294852,39562.80178817786,32806.04873397835,2013
151,11289650,-0.5847289015371975,0.7791090591844025,-0.23373595432410735,40452.98834991137,25908.273393203683,20983.397475632242,2014
152,11289650,-0.5646579998213037,0.7235104442204434,-0.18430921406729953,68557.46654093449,26818.365691736486,19189.10962701369,2015
153,11289650,-0.31681354416196195,0.7355130815577177,-0.11546468402338801,11311.59658631434,47809.083170193466,12039.096739932402,2016
154,11289650,-0.2528826500533919,0.8068282972840704,-0.06080524930115285,7943.8654435645885,253531.50635467804,12172.571749327339,2017
155,11289650,-0.11756490200982314,0.8221224046235364,-0.06700761021396473,8434.90934484205,42314.116289588754,14539.16910732018,2018
156,11289650,-0.382588977363029,0.8499022459912249,-0.297175045173073,9414.49798122722,80347.98037249486,17889.35149432142,2019
157,11289650,-0.356815169824479,0.9498645798398075,-0.2525462419080094,15124.126093768587,16898.047326877935,21441.66682404163,2020
158,11289650,-0.464535677800894,0.9021908610212998,-0.33708632744348466,49142.311291563325,16972.43858622383,27053.15348217352,2021
159,11289650,-0.5121651599850079,0.9083857292992509,-0.3387631077152534,32849.10099380096,36629.73629931751,22480.51486424463,2022
160,11289650,-0.5375264613869943,0.9235592782129408,-0.31332002581036816,20069.546095660713,125793.52516852488,22801.058962349573,2023
161,11418000,-0.18900881616650828,0.992717980936568,-0.14710953077556876,8434.268245609757,21150.31967618786,10384.918921063756,2001
162,11418000,-0.2632769077334376,0.9871269219106794,-0.2382744782338483,6214.339805124274,37875.137636101084,12429.480096389538,2002
163,11418000,-0.14332317561097957,0.9677245095457775,-0.13488538814777917,6139.249774379532,77063.52378415933,9547.662325363353,2003
164,11418000,-0.4518511710626844,0.9599797229622139,-0.2195599120143034,9364.149618542282,56154.114086912756,16147.499621577677,2004
165,11418000,-0.3586671054213877,0.9711919085431981,-0.26885260888055557,3499.188145317943,76855.94812974914,8144.4335681267385,2005
166,11418000,-0.24606533349877868,0.9692202256041662,-0.08971368784025456,6761.42307160687,142246.9832670944,10516.974274974049,2006
167,11418000,-0.4835920416031012,0.9520206024611054,-0.2469965199451748,8052.104083151376,34652.53133959132,13525.271684748806,2007
168,11418000,-0.472160212392697,0.984426989484154,-0.3420760378753962,9609.732783181229,24917.177798439698,12803.616605768198,2008
169,11418000,-0.3930588623152336,0.9517651822440203,-0.25012658454243836,3766.598216908157,67050.52921351972,8297.617640661714,2009
170,11418000,-0.23829422899230138,0.9881626587307782,-0.2350257345505546,3451.7833525877463,51365.40934940055,6386.445813840454,2010
171,11418000,-0.4668551883493833,0.9689915453215635,-0.31879090482080236,3555.861972645188,127163.1514215179,8747.330141255787,2011
172,11418000,-0.2248220217312258,0.9702225569581986,-0.06114995544392395,7327.593565200816,35956.8388069019,10529.687678519009,2012
173,11418000,-0.44695960154088415,0.9262938594471414,-0.13653584409600344,8575.196910484683,40583.12311016017,11906.401917300815,2013
174,11418000,-0.4958319509673328,0.9232675519824348,-0.19365115397194715,9412.32356442443,19733.995448427573,9639.069670403012,2014
175,11418000,-0.3747566788793334,0.8734621808884638,0.04708724504440929,7424.4547150047,23000.00535473152,7827.499817550839,2015
176,11418000,-0.33730699743072773,0.9222160458828659,-0.03291047063081447,3193.4855956786755,63011.31634823038,6942.638776796552,2016
177,11418000,-0.2623904722844687,0.9772471617716024,-0.17566003018865206,5033.388604224529,220822.7185882995,8625.19566088673,2017
178,11418000,-0.07892867713551768,0.9636713870640812,0.05624208070884093,2447.9554438129558,33201.21743724441,6005.6925664792625,2018
179,11418000,-0.1725820340075628,0.9487624670726882,-0.02114751581871971,1575.726309968317,75048.08791707644,6810.134981011967,2019
180,11418000,-0.07017851031006049,0.9717761947504352,-0.01751379083496272,2882.663247566783,16861.79612260922,7509.175174458568,2020
181,11418000,-0.5981885504858149,0.908844369272807,-0.3381393820519478,11450.439467915428,14036.95412865534,14517.179792479388,2021
182,11418000,-0.5362235845372642,0.9690414584600321,-0.37857895513933504,6607.782009939513,57086.815701348074,10460.317269604528,2022
183,11418000,-0.7049210859757514,0.9291084116572307,-0.45089275163702125,9751.142772283065,112150.37098602366,11446.874279781949,2023
