DATE TIME,AMF,MSS,SDT,TNL,PSH,YRS,WFC,CSN,EFC,MKM,WWR,EWR,SNS,MRC,SBF,KGF,KWT,SCC,KRI,FTO,SIS,SBB,TRF
1980-01-01,302,130,165,158,76,406,51,187,45,211,27,18,186,119,92,95,121,91,31,190,92,95,101
1980-02-01,179,181,256,207,65,257,31,172,29,136,17,14,124,116,80,83,110,88,36,152,103,120,53
1980-03-01,101,116,135,107,55,135,28,91,25,83,17,11,66,69,61,58,78,64,29,85,65,81,42
1980-04-01,102,82,111,129,37,144,111,46,64,116,56,19,98,77,89,89,81,45,46,76,42,41,104
1980-05-01,122,67,80,133,33,170,209,36,120,175,140,40,155,128,149,161,107,43,65,74,31,31,155
1980-06-01,75,50,38,67,18,96,140,13,108,154,194,42,130,129,182,220,130,32,63,37,20,19,97
1980-07-01,31,45,22,29,14,36,84,3,68,61,183,53,64,61,121,140,75,14,45,20,17,16,48
1980-08-01,4,41,16,3,12,10,26,0,17,6,48,19,12,13,32,36,19,6,16,9,15,13,11
1980-09-01,3,38,14,2,14,7,16,0,9,2,17,11,6,5,10,10,6,3,8,17,16,16,11
1980-10-01,4,39,18,4,16,9,11,0,7,1,11,8,4,4,6,5,4,2,6,12,15,16,6
1980-11-01,4,37,16,7,12,10,9,1,6,3,8,7,3,2,5,5,4,3,5,11,16,14,15
1980-12-01,10,55,42,43,18,23,10,3,6,5,8,8,5,4,8,7,7,5,6,30,26,27,11
1981-01-01,23,62,101,87,22,43,10,14,6,13,6,7,19,9,10,8,7,7,5,34,35,51,11
1981-02-01,34,76,114,107,24,71,16,11,10,23,8,9,19,12,16,14,14,12,7,47,41,48,22
1981-03-01,67,109,149,96,25,97,20,46,12,38,11,8,40,23,24,21,21,20,9,53,57,65,22
1981-04-01,73,70,88,105,24,106,85,24,39,96,46,8,79,54,58,61,43,22,15,50,32,35,44
1981-05-01,54,55,58,82,18,77,85,12,56,109,93,9,79,71,90,105,60,14,20,36,23,25,46
1981-06-01,11,43,25,27,15,20,34,0,29,29,72,14,27,30,59,65,33,5,15,15,16,16,13
1981-07-01,0,39,16,7,13,7,15,0,8,0,16,3,3,7,14,12,8,2,5,11,13,14,3
1981-08-01,0,36,12,1,12,5,10,0,5,0,7,1,1,2,5,4,2,0,3,10,12,13,3
1981-09-01,0,34,12,0,14,0,5,0,3,0,4,2,2,2,3,3,1,0,2,10,13,13,3
1981-10-01,10,44,23,12,15,17,8,1,5,5,6,5,4,2,5,5,3,2,3,19,17,17,6
1981-11-01,133,136,209,173,41,263,45,34,22,66,19,8,48,22,20,17,10,3,4,163,78,82,9
1981-12-01,210,158,254,244,54,333,70,78,35,111,23,8,90,28,18,16,12,6,4,174,98,112,11
1982-01-01,132,84,99,69,40,161,34,129,18,77,14,7,82,60,33,30,27,19,7,86,54,69,42
1982-02-01,224,131,174,181,60,287,73,149,61,176,31,16,159,90,56,40,34,23,11,150,85,92,121
1982-03-01,172,141,181,131,54,201,53,168,32,129,23,10,122,85,65,54,53,41,16,116,83,90,76
1982-04-01,283,196,264,173,73,380,126,212,89,254,75,23,210,192,174,162,162,94,46,222,116,118,143
1982-05-01,211,110,144,199,37,273,273,77,152,266,197,38,213,187,206,215,147,48,58,131,49,49,209
1982-06-01,97,71,56,104,23,130,183,21,130,167,213,57,122,118,166,185,100,21,44,58,27,28,117
1982-07-01,34,58,33,33,17,43,87,7,65,57,162,50,52,55,105,113,55,8,28,29,20,20,52
1982-08-01,10,50,20,7,15,11,29,2,21,15,61,25,12,16,42,41,19,3,13,16,18,16,14
1982-09-01,15,49,17,3,14,12,21,3,16,17,38,21,18,13,48,56,28,5,13,16,17,16,15
1982-10-01,42,55,41,30,17,51,35,10,26,57,35,23,42,23,35,38,29,9,10,28,21,20,6
1982-11-01,69,57,48,36,17,81,38,44,25,54,27,20,59,37,41,43,43,24,12,45,26,28,92
1982-12-01,141,121,163,103,34,155,28,132,23,89,18,20,77,67,60,62,73,54,16,83,61,73,119
1983-01-01,113,236,238,153,41,132,24,129,22,80,16,7,88,83,64,60,80,72,18,93,83,102,24
1983-02-01,174,219,313,188,65,242,22,172,25,117,15,14,119,104,77,69,101,105,27,157,125,156,28
1983-03-01,292,329,552,340,95,397,35,292,44,215,23,27,199,165,121,101,146,147,52,266,202,250,97
1983-04-01,151,175,223,179,53,183,47,119,40,119,31,21,103,88,79,64,84,83,41,134,84,97,99
1983-05-01,246,155,292,371,44,307,276,123,152,274,162,51,244,171,206,204,172,103,106,187,76,81,270
1983-06-01,236,101,207,340,30,306,431,59,230,349,324,98,307,294,331,356,241,87,130,147,47,45,275
1983-07-01,95,82,79,164,19,118,193,20,120,194,224,69,139,157,194,207,137,35,65,48,27,25,107
1983-08-01,22,70,32,50,16,26,95,5,43,36,107,49,37,43,79,85,58,14,34,25,22,18,37
1983-09-01,12,62,26,21,16,14,52,3,22,20,38,24,14,13,26,28,20,8,14,19,21,19,11
1983-10-01,12,62,30,13,17,21,23,3,15,14,19,21,11,12,15,15,13,9,10,20,22,20,33
1983-11-01,180,102,123,95,25,223,67,91,40,140,28,21,109,51,42,36,37,24,15,98,48,52,28
1983-12-01,237,185,262,202,52,350,64,178,41,169,23,27,74,91,64,54,58,52,21,183,106,137,31
1984-01-01,95,102,110,107,36,132,45,60,27,79,21,15,70,41,35,32,38,31,15,78,51,55,52
1984-02-01,72,87,83,75,29,104,29,51,18,54,15,11,47,36,30,28,32,23,12,65,43,44,29
1984-03-01,95,127,115,113,40,139,54,59,31,78,26,13,66,43,46,45,40,26,17,93,61,57,69
1984-04-01,79,88,88,108,32,109,106,35,46,82,48,13,76,57,57,63,45,22,20,67,42,38,80
1984-05-01,123,80,87,173,33,169,221,23,126,198,180,28,144,118,138,157,93,20,36,67,36,32,141
1984-06-01,59,64,38,76,23,75,122,10,81,95,151,38,71,51,75,77,41,8,20,36,26,23,78
1984-07-01,12,59,21,43,15,17,47,2,32,19,83,27,20,20,46,51,23,3,16,20,19,16,25
1984-08-01,5,55,17,10,15,5,22,1,28,4,28,13,4,3,19,23,9,1,10,12,18,14,9
1984-09-01,4,52,15,11,16,8,16,0,22,2,15,9,0,0,10,9,4,1,6,14,17,15,7
1984-10-01,8,54,21,9,18,14,15,2,9,7,11,9,5,3,8,8,6,3,6,17,20,19,20
1984-11-01,47,83,109,97,26,74,19,18,12,30,11,10,23,12,14,13,13,10,7,42,43,51,90
1984-12-01,25,70,62,47,24,41,22,14,11,18,11,8,15,9,11,12,12,9,8,25,32,35,87
1985-01-01,17,58,38,33,20,26,18,8,9,16,8,7,12,8,11,13,15,12,8,20,23,22,13
1985-02-01,35,53,39,40,20,54,17,24,9,24,8,8,23,14,15,15,18,16,8,31,25,26,15
1985-03-01,50,62,52,50,24,69,21,32,14,40,14,12,38,26,23,24,24,20,11,43,30,29,27
1985-04-01,108,67,89,137,26,140,119,37,59,120,67,14,100,65,72,82,62,29,30,73,32,29,99
1985-05-01,70,53,46,81,18,100,109,12,68,123,112,15,83,76,87,109,76,18,33,38,19,18,78
1985-06-01,19,46,22,36,16,26,48,3,34,29,85,19,25,25,48,63,37,8,22,17,17,17,29
1985-07-01,3,45,14,9,14,5,20,0,11,3,22,6,1,5,15,23,8,3,8,13,16,13,10
1985-08-01,1,44,14,5,13,5,16,0,8,1,9,4,0,2,6,7,2,1,5,11,15,13,5
1985-09-01,6,44,13,5,15,7,14,1,7,4,9,6,1,2,5,7,4,2,3,13,16,16,6
1985-10-01,5,44,17,7,17,15,10,0,7,5,14,8,0,5,6,7,4,2,3,12,18,17,10
1985-11-01,17,43,16,8,15,22,10,6,7,12,10,6,19,7,10,11,9,6,4,18,18,18,21
1985-12-01,38,52,31,22,20,48,14,18,12,25,12,9,21,15,19,20,19,11,7,26,27,29,14
1986-01-01,89,100,128,100,31,118,24,42,16,61,13,7,48,20,26,29,28,15,9,68,54,58,30
1986-02-01,467,286,426,330,110,580,63,311,70,296,30,27,258,162,134,119,122,81,32,352,180,196,148
1986-03-01,242,160,222,236,42,340,132,176,85,206,57,30,171,129,121,114,128,88,44,195,107,122,172
1986-04-01,100,79,88,126,33,136,168,41,86,124,82,26,122,85,102,114,90,41,45,76,42,40,119
1986-05-01,105,68,74,128,27,126,215,21,131,180,178,44,145,141,177,226,129,27,65,58,34,33,117
1986-06-01,77,55,34,60,16,62,151,7,109,128,237,66,104,102,168,216,106,13,57,29,20,19,83
1986-07-01,12,50,20,15,16,15,53,2,36,20,93,33,27,22,63,82,37,5,24,17,18,18,23
1986-08-01,6,46,15,5,13,7,26,0,13,5,31,16,9,5,21,29,11,3,10,13,17,13,8
1986-09-01,3,45,19,8,15,18,18,0,9,4,14,8,12,2,9,11,4,2,5,20,18,16,8
1986-10-01,7,45,19,11,17,15,13,0,9,6,12,9,6,3,6,9,7,4,7,16,19,17,6
1986-11-01,3,43,20,8,15,10,11,1,5,3,7,7,1,1,4,5,5,4,5,13,17,14,9
1986-12-01,3,46,21,14,17,11,14,2,4,4,8,7,4,2,4,5,4,4,5,15,18,17,12
1987-01-01,12,53,36,30,19,20,14,3,4,6,7,7,6,2,5,6,6,6,5,22,24,24,9
1987-02-01,33,68,82,71,23,66,13,12,7,16,7,10,14,8,11,10,11,10,6,41,37,40,14
1987-03-01,52,116,186,157,35,93,20,19,9,33,9,5,28,16,18,17,17,14,8,76,67,71,22
1987-04-01,53,58,84,137,20,85,66,6,35,73,41,6,50,42,48,55,38,14,12,39,27,24,51
1987-05-01,44,50,55,104,18,48,87,3,44,69,73,10,45,42,64,71,41,7,16,25,21,19,44
1987-06-01,7,41,21,30,16,10,23,1,14,9,37,5,13,11,34,35,20,1,13,14,15,13,12
1987-07-01,2,40,15,8,15,6,14,1,7,3,10,1,5,2,9,10,6,0,6,10,16,14,4
1987-08-01,0,30,13,8,10,5,10,1,4,1,5,0,2,1,4,4,1,0,3,9,12,11,3
1987-09-01,0,36,12,0,14,2,6,0,2,1,3,2,2,0,2,3,1,0,2,8,15,12,3
1987-10-01,2,37,13,2,14,2,6,0,3,1,3,4,1,1,4,4,2,0,2,8,15,13,12
1987-11-01,3,37,14,6,14,7,9,1,5,4,8,6,5,6,6,6,5,3,3,11,16,14,9
1987-12-01,22,86,140,128,23,60,13,1,6,8,22,5,6,5,7,7,7,4,3,46,50,54,9
1988-01-01,40,72,83,68,23,66,14,13,6,15,10,5,12,12,16,18,17,13,4,38,44,55,10
1988-02-01,23,53,61,69,20,39,15,6,6,16,9,6,16,10,13,12,10,6,4,24,26,25,10
1988-03-01,35,53,54,74,21,62,22,9,13,35,12,4,28,21,25,24,19,8,6,32,26,22,21
1988-04-01,41,51,64,91,18,67,40,9,22,57,29,2,41,41,43,46,28,8,8,31,23,22,27
1988-05-01,32,53,66,92,19,53,46,6,28,58,61,3,40,47,62,69,40,7,13,28,26,26,29
1988-06-01,12,42,37,66,18,22,28,4,16,19,52,4,19,24,40,40,18,2,9,18,19,18,14
1988-07-01,0,36,18,17,13,6,12,2,7,1,17,2,6,8,13,9,4,0,4,12,13,13,3
1988-08-01,0,34,15,4,13,3,7,1,5,0,7,4,2,2,6,7,1,0,3,9,13,10,1
1988-09-01,0,32,13,0,12,1,5,0,2,0,3,3,1,1,3,5,1,0,2,7,14,11,3
1988-10-01,1,32,13,2,12,3,3,0,2,0,3,2,4,0,2,2,1,0,2,7,14,12,5
1988-11-01,21,45,41,39,17,58,6,2,4,7,4,4,2,2,3,5,4,2,2,31,27,28,6
1988-12-01,15,38,27,25,14,30,7,3,4,7,5,3,6,4,5,7,6,4,3,15,21,21,10
1989-01-01,16,41,33,30,15,36,8,6,3,8,6,4,8,5,6,8,6,4,3,18,22,25,9
1989-02-01,27,38,31,31,18,59,9,10,7,20,8,6,14,10,10,12,10,7,5,26,21,20,17
1989-03-01,217,198,326,244,60,366,71,94,36,123,25,6,87,42,37,34,29,20,14,199,111,119,93
1989-04-01,138,81,116,160,34,218,152,34,64,136,68,4,113,71,67,77,52,14,20,89,48,48,107
1989-05-01,79,53,59,104,21,121,111,12,67,114,102,12,78,59,68,71,44,8,15,40,24,24,82
1989-06-01,36,42,25,40,15,33,67,4,57,58,122,22,45,32,42,40,20,2,11,21,16,15,54
1989-07-01,4,39,17,9,12,26,22,1,14,5,38,5,11,5,11,7,4,0,5,10,13,12,11
1989-08-01,0,36,14,5,13,7,15,0,8,1,13,3,3,2,5,3,1,0,2,10,13,11,7
1989-09-01,4,34,14,9,13,9,13,0,6,4,9,2,0,2,5,4,2,0,2,12,15,14,7
1989-10-01,8,50,50,34,16,26,12,3,6,10,9,4,10,6,6,5,2,0,2,20,23,22,4
1989-11-01,9,37,22,13,14,24,11,3,6,13,8,5,8,4,6,4,2,1,2,17,16,14,12
1989-12-01,7,35,18,19,15,16,10,3,5,10,7,2,6,4,4,4,3,1,2,8,15,13,10
1990-01-01,25,60,73,55,19,59,10,8,6,15,5,5,12,6,7,6,4,3,2,32,31,36,13
1990-02-01,25,41,38,28,14,43,8,11,7,13,6,4,11,9,9,8,6,4,2,22,20,19,10
1990-03-01,60,62,74,74,25,99,28,29,18,50,17,8,40,25,24,21,17,9,4,52,35,32,35
1990-04-01,67,51,44,64,16,104,78,17,38,84,52,3,64,51,49,51,27,6,7,41,18,17,67
1990-05-01,45,69,158,103,17,82,52,7,31,63,59,2,42,39,46,55,31,4,8,28,36,35,41
1990-06-01,27,56,68,69,18,52,30,8,20,29,51,4,24,21,34,35,16,2,6,27,25,25,25
1990-07-01,1,36,21,11,12,15,11,2,8,3,21,4,5,10,15,9,4,0,3,12,15,13,6
1990-08-01,0,33,14,2,12,4,10,0,5,1,8,3,0,2,4,3,1,0,1,9,14,11,3
1990-09-01,0,30,13,0,12,3,9,0,3,0,3,2,0,0,2,2,0,0,1,11,13,11,5
1990-10-01,0,31,13,1,12,6,5,0,3,0,3,3,1,0,2,3,0,0,1,5,14,12,11
1990-11-01,1,30,14,3,12,7,5,0,2,0,3,2,1,0,1,2,1,0,1,8,14,13,11
1990-12-01,2,31,14,5,12,9,5,0,2,2,3,2,1,0,2,2,1,1,1,8,13,12,10
1991-01-01,2,31,14,10,14,8,7,0,4,2,3,3,1,2,2,3,2,2,2,9,15,13,5
1991-02-01,6,29,18,18,13,13,6,1,3,2,3,3,0,1,3,2,2,1,1,12,15,14,6
1991-03-01,83,66,83,63,22,138,12,44,9,36,7,7,39,42,33,38,35,27,10,70,45,52,23
1991-04-01,69,56,70,70,19,113,43,28,21,56,18,2,47,36,38,39,34,17,12,52,26,27,34
1991-05-01,82,43,55,82,22,126,105,21,51,115,83,3,88,82,78,94,59,13,18,47,25,23,56
1991-06-01,42,32,23,39,14,61,60,8,44,69,125,11,51,64,91,104,57,7,23,24,16,14,43
1991-07-01,6,30,14,14,11,13,15,1,11,7,38,5,10,16,28,26,12,1,8,13,13,11,10
1991-08-01,0,26,11,7,11,2,9,0,6,0,10,3,1,1,6,4,3,0,3,9,12,10,5
1991-09-01,2,26,10,4,11,5,6,0,4,0,6,3,2,0,3,4,1,0,2,7,12,10,4
1991-10-01,4,28,10,4,13,7,6,0,5,3,4,4,5,2,3,4,2,0,2,7,14,12,5
1991-11-01,7,26,12,6,12,12,9,1,7,6,9,4,6,4,5,6,4,2,2,9,13,12,5
1991-12-01,6,28,15,11,13,14,8,1,7,6,7,3,6,3,5,4,3,2,2,11,14,14,5
1992-01-01,6,31,26,17,14,17,8,3,5,7,6,4,8,5,5,6,5,3,2,13,17,17,6
1992-02-01,57,91,178,102,20,104,10,35,7,30,6,5,35,24,19,15,11,8,4,50,56,67,13
1992-03-01,52,79,149,112,18,84,20,36,12,44,10,3,38,22,21,18,15,8,5,45,43,49,24
1992-04-01,59,63,153,178,18,93,60,17,34,91,48,2,65,58,59,58,35,7,12,48,33,33,47
1992-05-01,22,41,80,120,14,39,41,3,31,46,80,3,46,47,67,68,34,3,17,22,20,18,29
1992-06-01,4,33,25,30,13,8,15,1,11,7,32,4,8,13,21,19,7,0,7,12,15,14,5
1992-07-01,3,33,18,8,12,5,11,1,6,7,18,2,8,14,13,7,4,0,3,11,14,13,4
1992-08-01,0,27,13,1,10,1,6,1,4,0,6,2,3,2,4,3,1,0,2,8,11,10,3
1992-09-01,0,26,11,1,12,2,5,0,2,0,3,2,2,1,2,2,0,0,1,7,13,11,3
1992-10-01,3,28,14,5,12,8,4,0,3,1,3,2,2,0,3,4,4,0,2,9,15,13,5
1992-11-01,4,27,15,11,12,8,7,0,3,3,4,3,3,2,4,6,4,2,2,8,13,13,8
1992-12-01,32,47,57,27,16,47,8,12,4,13,4,3,12,9,9,10,5,4,3,30,30,34,7
1993-01-01,130,82,111,53,26,194,9,115,9,77,5,5,88,85,53,49,34,29,8,88,58,84,15
1993-02-01,90,97,167,106,31,126,10,90,8,54,5,5,52,45,35,31,27,20,8,74,62,75,13
1993-03-01,165,205,309,263,73,242,40,129,45,134,22,18,113,70,68,59,56,36,20,178,119,115,84
1993-04-01,129,117,160,161,47,182,116,89,57,132,51,10,120,81,93,85,69,28,30,124,66,71,123
1993-05-01,167,89,193,315,30,238,257,42,143,239,188,21,197,204,199,218,126,26,46,119,48,48,186
1993-06-01,96,75,115,168,27,141,135,20,103,166,192,32,116,125,170,185,92,15,37,68,39,43,104
1993-07-01,24,50,28,38,14,35,57,0,42,40,119,24,36,43,89,87,32,3,20,21,18,17,34
1993-08-01,4,43,18,12,12,12,21,0,12,5,35,8,8,15,23,17,6,1,7,14,16,13,10
1993-09-01,2,39,14,4,12,8,15,0,8,2,13,4,1,3,7,6,3,0,3,12,15,13,7
1993-10-01,4,39,15,6,13,12,11,0,5,3,8,5,4,3,5,5,2,0,3,13,16,16,4
1993-11-01,4,39,15,2,12,9,9,0,5,3,7,4,4,2,4,4,3,1,3,12,15,13,6
1993-12-01,11,47,41,26,16,29,10,4,5,5,6,5,6,3,6,7,5,3,3,20,23,23,8
1994-01-01,10,51,57,40,15,22,10,4,5,6,6,6,7,4,6,6,5,3,4,20,23,24,7
1994-02-01,23,50,58,35,17,44,8,13,5,12,5,6,13,12,11,12,10,9,5,29,28,34,7
1994-03-01,40,63,69,62,21,73,17,14,12,36,11,5,29,17,21,23,20,11,8,43,28,28,22
1994-04-01,47,45,53,75,16,79,46,9,31,64,38,3,51,39,42,51,31,9,10,35,20,20,32
1994-05-01,46,43,45,79,17,72,51,9,45,79,87,8,77,54,73,84,51,12,15,32,20,20,37
1994-06-01,10,34,18,15,13,19,21,2,24,22,58,7,19,21,45,54,25,2,12,14,14,13,12
1994-07-01,0,31,13,1,11,7,9,0,7,0,14,2,2,5,10,10,3,0,4,10,12,9,3
1994-08-01,0,29,12,0,10,1,5,0,4,0,5,3,0,3,4,1,1,0,2,8,12,8,2
1994-09-01,1,27,11,0,11,4,5,0,2,0,3,1,2,0,3,5,1,0,2,8,12,11,3
1994-10-01,2,28,13,0,12,7,7,0,4,0,8,3,2,7,12,14,5,0,3,7,13,12,8
1994-11-01,15,29,14,9,14,18,10,3,7,11,11,4,11,9,12,10,4,2,2,13,15,14,6
1994-12-01,38,32,18,13,15,62,10,14,7,15,11,4,12,11,13,12,6,3,3,26,16,21,9
1995-01-01,232,271,497,284,69,346,16,175,19,114,12,7,111,89,60,48,36,28,9,199,158,206,40
1995-02-01,76,108,182,181,37,138,24,51,18,65,13,8,48,31,34,30,26,20,10,79,63,76,37
1995-03-01,293,309,455,318,12,426,78,245,63,213,38,21,201,163,137,114,101,75,33,300,176,208,132
1995-04-01,189,171,218,183,70,238,109,107,57,173,46,16,134,92,99,80,71,41,31,175,91,93,107
1995-05-01,247,111,177,259,84,356,359,129,150,286,131,31,235,174,180,166,137,62,56,221,81,80,209
1995-06-01,182,74,93,178,28,237,323,46,193,272,281,58,223,211,250,270,178,44,64,114,37,37,191
1995-07-01,85,59,37,62,19,102,190,13,141,168,292,75,126,152,213,215,124,16,52,46,24,22,102
1995-08-01,20,50,22,9,14,19,51,4,40,25,95,30,24,26,67,57,31,5,17,20,18,17,24
1995-09-01,6,44,18,0,15,10,23,1,15,3,30,13,8,5,18,18,10,3,8,13,16,18,9
1995-10-01,2,43,17,1,15,8,14,0,9,2,13,8,5,4,6,7,4,2,5,13,18,16,4
1995-11-01,2,40,17,4,15,7,13,0,3,2,9,7,4,3,4,5,3,3,4,14,16,14,7
1995-12-01,46,70,75,84,24,86,22,9,13,24,13,12,20,13,14,12,9,5,5,46,37,42,9
1996-01-01,85,64,67,88,28,114,21,47,12,44,12,11,41,29,19,17,16,13,8,60,41,55,20
1996-02-01,206,200,255,253,9,356,55,111,42,142,25,18,133,85,65,55,61,46,20,168,121,121,81
1996-03-01,143,136,181,145,59,173,54,98,43,116,28,19,104,72,63,54,55,54,22,112,77,81,72
1996-04-01,140,95,115,146,36,196,136,58,74,139,68,14,123,88,94,96,79,34,32,116,50,51,119
1996-05-01,203,121,124,171,41,327,245,55,149,238,182,32,183,142,167,188,120,27,50,133,59,56,195
1996-06-01,64,64,45,62,23,84,112,16,101,107,191,44,85,70,117,129,67,9,34,44,28,25,76
1996-07-01,16,55,25,17,16,17,41,6,33,20,91,27,18,23,52,47,19,3,15,22,19,16,23
1996-08-01,5,49,18,0,15,14,18,3,11,4,25,8,1,6,15,13,7,2,6,14,19,15,5
1996-09-01,3,44,17,0,15,8,13,1,9,1,11,4,0,2,5,6,3,1,3,13,17,15,2
1996-10-01,3,45,18,1,16,9,12,0,7,2,7,6,3,0,5,5,3,1,3,13,18,17,8
1996-11-01,35,64,51,48,19,49,22,13,13,35,13,13,24,25,28,24,25,24,9,29,29,26,7
1996-12-01,256,243,400,285,48,391,27,152,27,141,17,16,128,103,60,51,56,66,18,198,126,122,27
1997-01-01,498,274,349,293,79,636,169,377,130,383,139,62,320,284,208,169,200,181,53,333,151,164,238
1997-02-01,84,90,86,68,41,128,31,64,24,79,19,18,43,45,51,44,59,56,21,69,52,55,46
1997-03-01,74,73,58,75,30,92,88,28,42,75,46,25,62,52,62,58,54,37,25,69,37,37,90
1997-04-01,90,70,62,99,28,125,168,22,81,111,99,18,87,75,85,95,62,25,32,65,33,33,116
1997-05-01,83,60,38,73,23,106,84,12,148,154,241,49,112,124,153,183,105,21,48,42,25,24,121
1997-06-01,38,53,25,23,17,43,98,6,74,63,168,48,53,51,79,99,53,9,31,24,20,19,55
1997-07-01,8,49,17,7,16,8,24,3,18,10,43,14,10,13,36,35,18,5,16,15,17,14,17
1997-08-01,2,49,16,1,14,3,18,1,12,3,25,16,5,5,12,13,6,2,9,13,17,14,6
1997-09-01,2,58,16,0,14,6,14,0,7,2,9,9,2,2,6,9,3,1,5,12,18,15,5
1997-10-01,4,43,17,5,16,11,13,1,4,4,9,7,5,0,5,6,5,5,9,13,19,20,6
1997-11-01,12,64,61,34,19,28,12,4,5,8,8,7,8,3,6,7,6,6,5,25,32,32,21
1997-12-01,22,65,59,39,22,36,12,8,5,10,11,9,9,7,10,12,11,9,5,30,31,35,56
1998-01-01,128,234,323,222,55,227,17,92,11,63,9,9,70,46,28,25,24,28,9,127,117,140,24
1998-02-01,182,258,456,240,59,243,14,192,10,109,10,5,121,113,59,53,66,94,23,146,158,211,19
1998-03-01,147,188,317,304,54,194,63,129,50,138,30,32,112,75,65,57,66,78,29,129,96,112,72
1998-04-01,145,130,202,167,45,186,86,106,42,132,47,21,119,90,81,77,97,105,37,116,73,82,91
1998-05-01,175,140,259,280,56,252,187,99,79,187,108,27,165,112,126,130,113,85,63,142,86,88,138
1998-06-01,197,120,251,325,45,255,255,61,134,302,278,54,247,214,251,281,209,83,79,128,69,70,162
1998-07-01,66,80,83,137,22,86,116,16,90,123,247,61,119,128,195,203,148,40,57,48,31,30,63
1998-08-01,11,65,30,17,17,18,37,5,24,14,60,20,19,22,45,44,28,13,18,21,23,20,11
1998-09-01,8,57,22,2,18,14,28,4,12,8,28,12,13,13,20,19,13,7,10,16,22,20,11
1998-10-01,5,58,21,5,20,16,15,3,8,7,14,11,7,6,10,10,8,7,8,16,23,22,8
1998-11-01,21,77,76,53,27,45,15,6,9,16,12,11,15,8,10,10,9,9,7,44,42,41,9
1998-12-01,36,97,88,62,40,81,16,12,8,26,12,9,18,12,14,11,10,9,6,55,52,50,9
1999-01-01,92,95,84,70,37,152,16,50,11,55,12,11,49,22,19,14,14,16,7,74,53,50,20
1999-02-01,175,121,146,90,69,224,17,141,17,105,13,14,95,49,31,22,19,19,7,125,86,93,20
1999-03-01,109,131,169,125,80,159,26,76,21,76,17,9,60,30,29,23,19,13,8,106,80,85,61
1999-04-01,103,110,158,148,49,131,69,61,42,102,37,8,83,57,51,45,33,18,12,89,58,59,98
1999-05-01,161,98,143,221,35,200,256,41,134,218,180,21,179,126,126,122,65,14,21,91,45,42,184
1999-06-01,94,71,58,116,24,121,152,17,122,151,217,41,104,69,95,79,30,5,15,42,28,27,123
1999-07-01,20,59,24,24,19,28,46,4,39,24,84,17,23,15,29,25,8,1,7,19,22,18,34
1999-08-01,6,54,18,5,15,7,22,3,13,6,24,5,7,5,9,10,3,1,3,15,19,17,12
1999-09-01,4,50,15,3,16,8,14,1,7,3,12,5,8,3,4,6,2,0,2,13,19,17,8
1999-10-01,4,50,16,2,18,14,11,0,6,3,7,6,4,1,3,3,2,1,2,12,21,19,9
1999-11-01,8,53,38,29,16,17,13,3,6,9,7,6,8,4,3,4,3,2,2,19,24,22,16
1999-12-01,10,53,34,22,18,16,12,3,6,8,6,5,5,0,4,3,3,3,2,16,24,22,16
2000-01-01,79,123,195,114,31,109,12,45,10,51,7,9,44,25,22,13,9,6,4,56,61,63,19
2000-02-01,169,190,345,180,52,231,13,135,14,88,10,10,91,76,43,34,35,29,7,128,114,133,30
2000-03-01,107,140,196,136,61,171,25,68,19,86,16,8,77,51,46,38,44,33,10,100,80,95,47
2000-04-01,109,117,217,221,39,165,112,35,48,121,60,5,107,74,79,76,55,20,15,91,56,54,95
2000-05-01,116,81,135,184,22,156,127,29,88,184,167,18,141,123,150,169,96,17,29,64,36,35,101
2000-06-01,40,60,58,103,19,44,54,8,49,64,157,28,62,58,99,88,44,6,18,27,25,23,43
2000-07-01,11,55,26,31,16,14,18,4,14,13,44,8,11,11,25,18,11,5,6,17,21,16,10
2000-08-01,3,50,19,0,16,6,14,2,8,6,16,1,3,5,10,7,4,2,3,12,19,15,6
2000-09-01,4,49,19,0,18,8,11,2,5,5,7,5,4,2,4,3,2,0,2,10,19,18,6
2000-10-01,4,49,20,8,17,7,9,2,4,7,5,4,6,1,5,5,5,2,2,14,21,20,10
2000-11-01,5,46,19,10,17,18,8,3,4,8,5,4,6,2,4,5,5,3,2,12,19,18,10
2000-12-01,8,49,21,11,19,18,9,4,4,7,5,5,5,4,4,4,4,3,2,16,23,21,10
2001-01-01,13,51,29,17,19,20,9,7,4,11,5,5,10,5,7,6,6,5,3,18,25,28,7
2001-02-01,26,70,89,37,20,40,9,18,4,16,5,5,17,13,11,10,11,8,4,27,41,49,8
2001-03-01,57,98,170,129,23,90,24,28,16,55,17,11,46,38,35,30,26,13,8,52,48,57,25
2001-04-01,63,69,107,96,21,86,52,28,33,80,50,5,64,48,53,55,44,17,13,44,30,31,34
2001-05-01,63,60,90,122,19,88,92,17,77,123,176,18,97,96,126,137,86,13,28,39,27,24,54
2001-06-01,8,44,27,28,16,12,18,3,18,11,58,6,13,14,32,33,20,2,9,14,19,16,7
2001-07-01,3,44,18,15,14,4,9,1,7,3,16,1,2,4,13,13,8,2,5,11,18,14,3
2001-08-01,0,41,14,6,13,3,7,0,4,2,6,3,0,1,3,2,2,0,2,9,16,14,2
2001-09-01,1,39,13,2,13,4,5,0,2,3,3,2,1,0,2,3,1,0,2,8,14,14,3
2001-10-01,0,40,14,2,14,6,5,0,3,0,3,2,2,0,2,2,1,0,2,8,15,15,7
2001-11-01,13,54,42,43,16,28,8,3,5,12,7,4,10,5,6,8,8,4,3,22,26,29,8
2001-12-01,45,98,12,71,28,81,10,18,6,27,9,5,27,21,16,17,20,15,5,48,61,80,7
2002-01-01,56,118,194,166,34,98,13,32,10,40,10,5,30,19,18,16,19,15,5,64,65,79,17
2002-02-01,54,73,94,84,24,80,12,31,8,33,9,5,26,14,16,15,14,7,4,39,38,43,16
2002-03-01,89,80,86,82,24,120,23,52,15,58,14,4,50,25,26,24,24,13,6,58,42,44,33
2002-04-01,106,74,117,168,27,139,121,32,52,119,66,2,103,67,70,73,53,15,13,66,35,34,82
2002-05-01,93,59,72,119,22,123,112,19,72,142,120,5,105,81,91,101,63,11,16,44,26,27,80
2002-06-01,38,46,33,53,17,41,55,6,48,56,123,16,46,39,63,67,39,4,14,21,17,17,45
2002-07-01,5,42,17,15,14,9,15,1,12,9,29,4,7,6,15,15,9,2,4,12,15,14,9
2002-08-01,2,39,15,4,13,5,8,0,6,3,7,1,1,1,3,3,3,1,2,9,15,14,3
2002-09-01,1,37,13,1,13,4,6,0,4,1,5,2,1,0,2,3,1,0,1,8,13,14,3
2002-10-01,0,38,14,0,13,5,7,0,4,1,3,2,1,0,2,2,1,0,2,6,13,14,4
2002-11-01,16,39,20,11,14,28,16,3,8,16,7,5,14,13,17,23,41,31,16,17,16,17,8
2002-12-01,48,155,242,138,29,125,9,15,7,17,6,5,23,14,12,11,13,9,6,87,83,101,11
2003-01-01,60,151,254,224,37,139,14,17,13,37,9,6,28,18,17,16,16,10,7,97,77,98,30
2003-02-01,40,70,100,91,25,74,14,15,10,31,11,6,26,15,17,16,17,9,6,48,35,39,24
2003-03-01,67,105,142,122,24,121,32,22,18,52,16,10,44,28,31,32,34,19,10,74,51,54,46
2003-04-01,104,105,198,157,34,147,54,60,28,86,28,3,73,52,44,45,43,21,12,83,60,65,56
2003-05-01,159,101,201,246,37,239,165,60,89,194,144,11,156,115,123,136,99,34,25,110,59,66,105
2003-06-01,66,58,85,163,20,94,114,12,88,126,197,28,86,84,106,112,69,12,27,45,25,26,78
2003-07-01,9,51,27,39,15,10,22,3,17,16,54,7,9,14,25,24,15,5,8,17,17,17,14
2003-08-01,4,46,21,15,12,21,11,1,9,2,15,3,5,6,9,11,6,3,5,15,15,15,4
2003-09-01,1,43,17,7,14,9,8,0,6,2,7,3,2,2,3,3,2,0,3,11,15,15,4
2003-10-01,4,44,17,3,14,9,9,0,5,2,3,3,1,1,2,2,1,0,2,9,15,15,5
2003-11-01,4,46,32,22,14,14,9,1,4,5,5,4,3,3,3,3,4,2,2,13,19,18,10
2003-12-01,36,96,130,96,24,79,11,12,7,26,6,5,22,11,12,11,11,7,3,52,49,64,18
2004-01-01,33,88,118,83,29,64,10,17,8,20,6,6,20,15,13,13,11,7,5,42,49,58,12
2004-02-01,67,196,284,186,47,133,9,41,11,39,6,7,36,26,19,16,14,11,5,102,101,123,17
2004-03-01,95,121,169,178,35,140,48,46,39,95,39,13,79,53,54,53,41,18,15,95,57,69,61
2004-04-01,79,98,118,155,25,122,95,22,49,106,70,5,84,62,63,66,40,9,14,68,38,38,69
2004-05-01,60,80,91,161,20,101,94,11,68,102,132,10,74,60,80,85,45,5,18,53,29,27,70
2004-06-01,16,60,35,77,16,32,41,3,35,29,100,17,29,24,49,49,21,1,12,25,19,19,30
2004-07-01,2,55,19,24,13,11,13,1,10,5,32,5,8,7,15,14,6,0,5,14,16,16,7
2004-08-01,0,50,16,9,12,6,8,0,6,2,9,3,2,2,3,4,2,0,2,12,13,13,4
2004-09-01,0,47,14,3,12,6,6,0,3,1,4,2,0,1,2,2,1,0,2,9,13,13,5
2004-10-01,13,51,25,11,14,17,7,3,9,9,5,5,8,8,10,8,4,1,2,16,18,18,5
2004-11-01,10,46,21,12,13,15,8,4,7,10,8,6,11,9,11,11,6,2,3,14,15,16,7
2004-12-01,31,72,81,59,19,46,8,16,7,23,8,5,20,18,16,13,8,4,3,30,35,47,14
2005-01-01,68,95,134,79,21,75,9,69,9,59,9,6,71,89,46,41,39,32,15,39,44,51,11
2005-02-01,56,86,116,71,21,69,10,47,10,57,9,7,53,47,37,26,22,13,10,42,37,40,13
2005-03-01,131,122,187,129,29,155,20,110,26,103,20,14,94,85,64,51,50,32,20,89,58,66,43
2005-04-01,116,100,128,120,28,136,60,75,46,113,45,19,102,68,73,66,57,31,29,78,44,46,81
2005-05-01,244,142,256,273,46,337,271,87,166,284,255,48,258,209,232,229,152,52,64,146,81,90,186
2005-06-01,113,78,113,142,23,119,125,29,112,179,236,50,141,145,188,200,124,28,53,51,32,33,97
2005-07-01,28,63,41,50,14,27,45,7,47,46,163,42,48,56,97,95,49,7,28,22,19,19,32
2005-08-01,5,55,23,10,12,11,13,2,11,6,30,11,7,11,20,24,10,2,10,14,15,15,9
2005-09-01,3,49,19,6,11,9,9,1,7,3,10,6,3,5,4,8,4,1,6,13,15,14,7
2005-10-01,3,51,19,7,14,10,11,1,7,6,6,6,6,3,5,6,3,1,5,11,15,16,8
2005-11-01,8,57,30,23,15,17,9,2,6,9,6,6,5,3,6,5,3,2,4,18,21,20,8
2005-12-01,220,174,242,229,39,366,56,84,39,121,17,17,102,33,31,22,15,8,7,177,89,112,10
2006-01-01,155,180,249,185,52,223,48,102,36,125,22,15,96,58,46,40,42,26,11,134,104,120,101
2006-02-01,121,113,149,128,40,182,38,55,24,81,17,13,66,30,32,24,22,9,8,95,61,69,57
2006-03-01,164,164,252,131,54,210,41,141,31,120,22,14,111,76,56,48,51,37,14,148,102,117,78
2006-04-01,314,245,376,246,69,352,93,278,58,270,57,18,228,154,141,122,118,83,32,224,129,152,150
2006-05-01,229,161,320,438,41,303,300,87,183,312,285,62,261,222,251,265,171,51,68,158,69,68,225
2006-06-01,91,99,116,212,20,96,142,23,135,177,307,68,134,149,216,235,122,20,51,55,32,32,109
2006-07-01,22,80,33,46,16,29,49,7,41,30,145,43,37,38,92,87,36,5,22,25,22,20,34
2006-08-01,6,69,23,14,14,11,18,3,14,7,28,11,11,7,18,20,9,2,8,16,18,16,10
2006-09-01,3,62,19,5,14,7,13,2,8,5,12,7,7,3,6,7,3,0,4,12,16,16,8
2006-10-01,0,58,18,7,15,8,12,3,7,5,9,8,7,5,5,6,3,1,4,12,17,17,8
2006-11-01,11,59,27,26,16,18,14,4,7,12,8,6,6,4,4,5,3,2,4,18,21,20,9
2006-12-01,25,81,73,64,22,49,13,8,7,17,7,6,14,6,7,7,5,4,4,37,35,38,97
2007-01-01,21,65,39,40,19,35,12,9,7,16,7,6,13,7,6,6,6,4,4,23,24,22,11
2007-02-01,64,104,126,82,23,106,11,34,7,44,7,7,37,16,13,11,10,7,4,61,44,48,19
2007-03-01,70,88,95,103,25,104,32,35,18,66,19,7,54,30,27,28,24,10,7,58,40,36,39
2007-04-01,62,68,55,78,18,88,54,21,31,86,39,3,60,41,38,44,31,9,8,40,25,23,50
2007-05-01,55,62,37,78,17,76,58,13,44,84,82,5,60,46,56,63,38,4,11,29,22,19,60
2007-06-01,11,53,18,20,14,18,22,3,18,15,44,4,15,12,20,19,10,1,5,14,15,14,20
2007-07-01,0,51,15,10,13,8,8,1,7,6,12,2,2,5,7,6,3,0,3,15,16,12,7
2007-08-01,0,49,14,4,12,5,7,0,4,2,4,1,1,3,4,4,0,0,2,12,14,11,5
2007-09-01,1,46,13,1,13,6,6,0,3,3,3,2,0,2,3,2,1,0,2,10,14,12,4
2007-10-01,4,49,17,17,13,14,5,1,3,1,3,2,4,2,2,2,1,0,2,11,16,17,6
2007-11-01,3,45,15,9,13,10,5,1,4,4,3,3,1,2,2,2,2,1,2,9,15,13,13
2007-12-01,11,55,34,29,16,21,6,3,4,7,3,3,6,3,4,4,5,3,2,15,23,22,13
2008-01-01,30,74,77,47,21,53,8,19,6,17,5,5,22,21,16,15,17,13,5,30,42,53,10
2008-02-01,34,77,94,59,23,59,10,23,6,24,5,5,25,28,20,22,26,22,7,31,45,53,8
2008-03-01,46,77,83,89,29,78,18,23,16,46,12,12,35,25,28,31,32,18,13,47,38,37,29
2008-04-01,63,71,79,95,21,99,57,20,31,73,34,4,63,46,50,60,45,13,18,47,27,24,57
2008-05-01,81,81,110,173,19,135,97,16,71,126,114,12,93,88,99,118,75,15,28,54,28,27,85
2008-06-01,21,58,31,55,16,30,47,4,41,46,112,15,41,41,65,77,52,6,20,19,17,15,30
2008-07-01,2,51,16,16,12,8,12,1,12,4,31,6,6,11,19,26,15,1,8,11,13,12,6
2008-08-01,0,49,14,5,10,5,6,1,6,1,7,1,2,3,4,5,3,0,3,8,12,11,4
2008-09-01,0,44,12,2,11,3,5,1,4,3,3,2,1,1,2,2,1,0,2,6,12,10,4
2008-10-01,1,38,15,6,12,8,6,1,4,1,4,3,1,1,2,2,2,0,2,8,14,14,5
2008-11-01,11,45,33,32,13,22,11,2,7,12,10,5,11,9,12,11,8,1,3,16,18,16,5
2008-12-01,8,40,18,13,14,16,7,3,5,8,6,4,7,5,7,7,6,3,3,14,16,16,6
2009-01-01,25,42,26,22,16,38,10,9,8,28,8,6,25,22,21,18,16,7,5,22,18,17,10
2009-02-01,60,94,111,51,26,97,10,29,10,38,9,5,35,27,23,19,19,10,6,62,49,55,15
2009-03-01,112,177,270,122,44,162,26,67,23,90,18,7,81,47,39,33,27,12,9,102,77,74,41
2009-04-01,83,91,106,91,17,108,84,29,44,102,47,4,90,66,65,67,46,13,14,53,34,30,62
2009-05-01,152,114,142,144,15,214,166,42,121,214,171,20,160,129,139,147,88,15,30,79,45,44,131
2009-06-01,26,58,37,42,15,38,52,5,50,47,114,25,46,43,63,66,33,4,15,23,19,21,40
2009-07-01,5,49,19,11,12,10,17,1,16,9,46,10,12,14,27,31,12,1,8,11,15,15,10
2009-08-01,0,45,15,5,11,5,9,0,8,3,14,3,3,5,7,7,3,0,3,10,13,14,5
2009-09-01,1,41,13,2,10,4,7,0,5,1,6,2,1,2,2,3,1,0,2,8,11,12,5
2009-10-01,6,62,22,12,13,9,9,1,8,9,12,7,10,12,15,21,23,2,5,12,19,19,5
2009-11-01,2,50,20,10,13,8,6,1,5,4,7,4,4,3,6,6,5,1,3,9,15,13,10
2009-12-01,13,63,38,22,15,19,6,5,8,11,8,5,9,10,11,11,11,6,4,14,21,19,6
2010-01-01,36,143,207,102,24,59,8,20,8,23,8,7,26,25,20,18,15,10,5,45,68,84,10
2010-02-01,40,139,201,101,26,58,9,25,10,28,8,7,31,31,28,25,28,23,7,41,62,72,11
2010-03-01,63,117,149,101,23,87,17,40,19,52,15,13,47,40,40,38,41,29,12,57,47,49,27
2010-04-01,101,123,182,146,26,140,58,57,36,93,34,10,84,61,63,62,59,30,21,81,54,59,59
2010-05-01,130,111,173,207,23,174,153,58,77,152,83,11,126,99,108,127,96,33,36,89,42,44,98
2010-06-01,134,99,185,263,20,183,166,34,130,204,245,40,151,148,195,222,150,30,51,72,35,36,130
2010-07-01,19,69,46,68,13,30,38,5,35,29,101,23,33,34,69,71,44,7,21,23,18,18,28
2010-08-01,3,60,20,12,12,9,11,1,11,4,19,3,4,7,13,14,9,2,6,12,15,15,6
2010-09-01,1,57,17,11,12,8,7,1,6,3,7,2,2,3,4,6,3,0,4,10,14,14,4
2010-10-01,26,66,25,27,13,31,21,4,16,29,28,9,22,16,16,13,5,1,4,17,17,16,8
2010-11-01,25,54,37,44,14,39,16,9,12,23,20,9,20,15,15,13,8,3,4,20,19,19,5
2010-12-01,170,86,178,127,29,233,35,108,27,111,24,17,103,81,63,68,70,70,25,103,61,72,7
2011-01-01,67,77,89,91,24,87,28,54,18,62,18,10,56,47,43,49,45,35,15,47,34,38,26
2011-02-01,59,83,92,61,22,80,23,49,13,45,15,9,47,47,32,30,30,18,11,49,36,37,20
2011-03-01,221,180,268,159,53,261,38,209,42,149,24,19,148,118,78,69,76,55,23,146,109,124,49
2011-04-01,184,152,212,163,43,257,111,115,81,174,68,20,155,97,111,113,98,55,51,153,69,73,148
2011-05-01,171,129,158,199,37,239,182,72,111,193,132,27,176,136,154,173,118,41,58,129,53,52,177
2011-06-01,191,105,154,257,28,277,221,50,159,278,299,55,218,186,235,273,163,34,61,119,41,43,208
2011-07-01,77,78,56,87,16,106,135,15,97,129,243,56,105,88,135,154,83,12,39,46,22,22,105
2011-08-01,12,65,24,18,13,29,36,4,25,15,62,17,20,21,37,44,22,3,16,19,16,16,19
2011-09-01,6,59,17,8,13,12,20,2,13,6,24,11,9,7,13,18,9,3,8,13,15,14,10
2011-10-01,11,56,20,15,14,20,22,3,12,10,18,10,18,9,13,19,14,6,9,16,16,18,16
2011-11-01,6,53,25,14,15,15,15,3,9,7,9,8,6,4,8,11,8,5,6,15,17,18,13
2011-12-01,5,52,19,14,14,11,11,3,9,5,6,6,5,2,5,6,6,4,5,11,15,16,41
2012-01-01,25,55,31,31,16,35,15,8,9,21,7,9,18,9,11,11,12,9,6,24,20,23,19
2012-02-01,16,56,42,41,16,23,14,5,8,13,7,7,13,7,9,9,10,7,5,20,19,18,10
2012-03-01,107,142,165,125,29,182,23,47,13,52,10,5,43,19,21,20,21,14,8,89,61,63,29
2012-04-01,140,140,206,204,29,200,73,66,43,127,44,2,98,67,59,63,59,33,14,91,57,60,70
2012-05-01,73,86,104,170,20,121,74,21,46,96,79,3,65,52,69,70,57,15,16,52,29,29,72
2012-06-01,19,60,37,62,15,31,25,5,17,20,32,2,20,11,21,21,15,3,6,19,17,18,23
2012-07-01,4,53,20,22,12,11,9,2,7,4,10,1,7,3,8,9,6,1,3,14,13,15,8
2012-08-01,1,49,15,6,11,6,9,1,4,2,6,4,4,2,6,6,2,1,2,11,12,13,3
2012-09-01,0,45,13,4,11,4,5,1,3,1,2,2,1,1,1,2,2,0,2,8,11,13,3
2012-10-01,4,50,14,4,14,9,6,1,3,3,3,1,3,0,3,2,2,0,2,9,12,14,12
2012-11-01,33,76,55,50,15,74,9,4,4,13,4,3,11,4,7,5,3,1,2,37,28,29,9
2012-12-01,136,158,159,124,27,221,28,61,15,76,9,6,57,36,24,16,12,7,4,124,68,85,7
2013-01-01,39,69,62,48,21,58,15,18,9,29,7,5,21,14,14,13,12,7,4,35,29,30,15
2013-02-01,27,60,48,44,21,43,13,13,8,22,6,5,20,11,12,11,10,6,3,30,25,25,14
2013-03-01,54,77,75,79,23,74,39,19,18,45,18,4,41,26,27,23,17,6,5,54,30,28,34
2013-04-01,60,76,78,110,23,80,82,17,39,85,53,2,64,55,53,50,28,5,7,46,30,30,49
2013-05-01,38,54,32,61,17,45,87,6,52,68,91,4,53,45,56,51,29,2,9,22,18,17,48
2013-06-01,16,51,19,25,15,17,35,2,25,17,65,6,17,14,27,21,8,0,4,18,15,15,19
2013-07-01,3,48,15,6,12,8,13,1,8,1,18,2,4,4,9,9,2,0,2,12,12,12,6
2013-08-01,1,45,13,3,11,2,8,0,5,0,6,1,4,1,3,4,1,0,1,10,12,12,4
2013-09-01,1,39,13,4,12,7,6,0,3,0,3,2,1,0,1,2,1,0,1,9,12,12,5
2013-10-01,0,44,14,5,12,10,6,1,3,1,3,2,3,1,2,2,0,0,1,10,12,12,5
2013-11-01,1,42,13,7,11,9,6,1,3,2,3,3,2,1,2,3,1,0,2,10,12,12,11
2013-12-01,3,41,14,5,13,10,6,1,3,1,3,3,2,1,4,3,2,1,2,9,13,12,52
2014-01-01,4,41,13,7,13,10,7,1,4,4,3,3,3,1,3,2,2,1,2,10,13,11,7
2014-02-01,57,50,30,32,16,80,14,17,9,28,4,4,17,5,6,6,4,2,2,33,21,22,23
2014-03-01,57,96,99,102,23,105,24,25,12,40,8,3,29,15,12,13,10,3,3,60,43,47,26
2014-04-01,58,63,54,52,19,83,54,16,31,68,34,1,53,33,31,38,23,4,6,38,26,28,32
2014-05-01,35,45,20,25,14,44,59,4,36,66,66,2,44,33,45,55,29,2,9,16,14,15,33
2014-06-01,7,40,14,8,13,11,20,2,17,11,35,2,10,10,21,23,6,0,4,10,12,12,12
2014-07-01,1,39,12,5,10,5,9,0,6,2,12,2,5,4,7,7,2,0,1,9,10,11,6
2014-08-01,1,38,10,1,10,3,6,0,4,1,6,3,3,2,4,5,0,0,2,8,10,11,4
2014-09-01,2,36,10,8,10,3,5,0,3,0,3,1,1,0,1,2,0,0,1,7,10,11,3
2014-10-01,1,39,15,17,11,10,5,0,2,0,3,1,3,0,0,1,0,0,1,7,13,14,7
2014-11-01,7,37,18,22,11,21,6,1,3,2,3,2,4,0,2,2,2,0,1,11,13,13,6
2014-12-01,56,132,246,182,28,103,8,14,4,23,4,3,16,5,6,5,6,2,2,78,69,90,7
2015-01-01,16,52,51,54,17,26,8,3,4,10,4,3,6,2,4,4,3,1,2,23,23,23,11
2015-02-01,60,115,213,194,24,86,23,33,14,56,11,4,44,14,12,13,14,3,3,58,53,56,35
2015-03-01,21,50,39,44,15,43,24,6,13,26,17,1,17,9,9,13,10,2,3,20,20,18,20
2015-04-01,19,43,32,37,14,28,21,6,12,26,21,0,18,13,11,14,9,1,3,15,16,16,17
2015-05-01,20,42,21,16,14,20,28,4,27,29,56,3,28,19,21,23,12,0,3,12,13,14,20
2015-06-01,6,39,15,13,13,9,12,1,16,7,48,4,14,9,15,17,7,0,3,11,11,13,9
2015-07-01,1,37,13,6,11,6,8,0,7,2,13,4,3,5,6,8,5,0,2,9,10,11,4
2015-08-01,0,36,12,1,10,2,4,0,4,0,5,1,0,1,2,3,1,0,1,8,10,10,2
2015-09-01,0,34,11,5,10,3,3,0,2,0,3,1,0,1,0,1,0,0,0,7,10,11,2
2015-10-01,0,35,11,4,11,6,5,0,3,1,5,3,3,1,2,3,1,0,1,7,10,11,4
2015-11-01,5,35,12,6,10,8,6,1,5,5,8,4,6,6,5,5,4,1,2,8,11,11,5
2015-12-01,42,48,31,36,17,57,9,16,7,26,8,4,24,17,9,8,8,8,3,30,22,27,20
2016-01-01,98,136,199,149,36,169,11,47,11,51,9,5,42,30,17,16,16,19,4,89,76,98,24
2016-02-01,72,77,110,120,22,86,24,37,18,57,13,5,43,26,23,23,23,19,5,57,41,43,39
2016-03-01,202,254,395,295,57,350,63,130,36,139,26,3,121,76,52,45,38,21,8,198,122,129,99
2016-04-01,105,83,105,171,27,140,114,35,57,126,63,4,107,78,65,69,46,13,11,71,35,36,95
2016-05-01,84,61,57,113,21,137,130,16,80,131,110,15,99,82,84,97,60,9,16,46,23,25,97
2016-06-01,33,51,27,37,18,40,76,4,61,60,132,28,57,51,84,84,45,2,17,20,17,18,51
2016-07-01,6,46,17,16,12,11,19,3,16,3,37,6,11,10,18,19,9,1,5,10,13,14,12
2016-08-01,0,43,14,6,11,5,9,1,6,1,11,0,3,3,3,6,2,0,2,9,11,12,7
2016-09-01,0,43,12,5,10,5,7,0,4,0,5,2,3,1,1,2,1,0,1,8,10,12,4
2016-10-01,40,61,71,62,14,51,24,6,14,33,26,6,26,15,19,7,2,0,1,23,23,23,4
2016-11-01,38,72,86,65,15,55,16,11,12,19,15,9,15,11,13,7,2,1,2,25,30,32,6
2016-12-01,162,117,144,123,28,226,40,63,26,86,15,9,64,36,28,18,14,9,4,103,56,66,14
2017-01-01,356,180,239,150,56,461,74,287,72,230,32,23,219,166,138,114,115,107,34,210,108,132,118
2017-02-01,488,373,439,319,123,616,105,385,109,354,45,30,304,218,150,118,138,129,52,383,201,207,188
2017-03-01,174,177,242,223,65,216,99,117,83,153,57,25,133,99,100,86,85,63,41,159,92,99,154
2017-04-01,224,204,253,181,57,305,175,126,118,193,107,33,193,123,146,142,113,53,63,199,93,95,232
2017-05-01,203,114,149,262,32,266,413,56,225,280,281,65,253,208,234,263,160,41,86,123,46,47,275
2017-06-01,117,83,57,115,21,144,287,20,219,231,428,103,185,169,254,296,143,20,77,53,25,28,172
2017-07-01,32,70,25,26,16,29,97,5,88,51,254,74,67,51,114,126,51,6,38,25,18,20,60
2017-08-01,8,62,20,6,16,12,35,2,25,15,66,30,19,14,34,38,14,5,15,16,17,17,21
2017-09-01,6,56,17,4,15,10,22,2,15,4,25,17,12,7,13,14,6,3,8,12,15,15,16
2017-10-01,3,56,17,5,14,11,17,2,11,3,13,11,10,4,6,8,3,2,6,13,15,16,20
2017-11-01,51,69,30,31,18,91,34,10,21,39,16,12,24,9,10,9,6,4,5,33,24,24,21
2017-12-01,19,59,20,11,16,29,23,6,12,13,13,8,11,5,7,7,5,3,5,20,18,17,79
2018-01-01,54,69,49,41,19,84,28,19,13,35,10,9,27,12,12,10,8,5,6,44,26,27,31
2018-02-01,24,55,29,28,17,39,19,7,9,15,9,7,13,7,7,7,5,3,4,23,18,18,16
2018-03-01,165,117,84,60,28,220,39,126,36,110,20,13,95,83,59,50,39,24,10,115,47,45,55
2018-04-01,174,91,78,103,31,222,153,91,99,178,116,17,152,111,108,111,73,19,19,104,39,43,131
2018-05-01,64,61,35,50,18,79,107,18,84,95,166,24,83,60,89,97,45,7,16,36,22,23,79
2018-06-01,20,51,18,18,17,27,44,5,40,25,129,22,37,23,51,51,19,1,11,18,16,18,32
2018-07-01,9,49,15,3,12,10,15,1,13,3,36,7,11,10,20,21,6,2,7,13,13,14,12
2018-08-01,4,47,13,0,11,5,10,1,7,0,12,3,5,5,7,20,2,0,4,12,11,13,7
2018-09-01,2,43,12,1,11,7,8,1,4,0,5,2,3,3,2,4,1,0,2,9,11,13,7
2018-10-01,2,44,13,3,13,8,7,1,5,1,4,3,5,3,3,4,2,1,2,8,13,14,12
2018-11-01,8,44,18,13,12,16,7,3,5,5,4,6,10,4,5,5,3,2,2,13,16,16,34
2018-12-01,15,53,33,30,16,21,8,6,6,11,6,6,10,7,8,8,7,4,3,21,22,25,19
2019-01-01,81,128,155,100,28,118,9,47,9,41,7,8,43,25,23,20,14,11,6,73,58,70,14
2019-02-01,177,141,209,117,42,211,13,147,22,111,11,11,105,100,60,57,49,33,12,125,86,109,33
2019-03-01,192,179,221,149,65,241,21,181,28,143,13,14,135,83,67,74,85,79,29,154,105,124,46
2019-04-01,202,205,309,301,65,280,155,111,90,204,74,18,173,115,114,115,94,45,46,175,100,101,189
2019-05-01,172,116,186,250,33,229,226,80,111,221,130,25,185,151,154,172,122,46,57,119,51,53,168
2019-06-01,143,80,73,124,22,174,229,42,158,255,267,58,190,166,213,262,156,35,68,61,29,31,153
2019-07-01,30,65,28,34,14,36,75,8,60,52,139,36,53,49,95,117,62,11,35,26,19,20,43
2019-08-01,8,57,20,13,13,20,22,3,15,7,32,10,13,14,23,31,16,4,12,16,15,16,12
2019-09-01,5,51,17,5,13,17,15,2,8,4,14,7,7,9,7,11,5,3,6,14,15,16,9
2019-10-01,4,49,17,9,18,12,13,2,7,3,8,7,5,4,4,7,4,3,5,12,16,15,7
2019-11-01,4,46,16,8,12,11,9,2,5,3,5,7,5,3,4,6,4,3,5,13,16,16,6
2019-12-01,37,67,65,39,20,60,12,15,10,25,7,8,29,13,13,15,12,9,7,42,29,33,8
2020-01-01,25,70,59,45,23,44,11,9,8,16,6,7,14,7,8,9,9,6,6,33,32,34,12
2020-02-01,19,56,42,32,20,32,11,8,8,16,6,5,15,7,9,10,9,5,5,23,22,23,11
2020-03-01,40,55,32,31,18,46,18,31,10,33,8,5,33,18,15,16,12,8,6,28,21,22,19
2020-04-01,110,65,73,79,22,133,72,61,34,106,40,6,92,60,57,60,41,18,13,53,28,29,57
2020-05-01,82,63,60,72,18,116,108,22,61,125,107,7,89,70,89,98,52,10,19,38,24,26,76
2020-06-01,22,49,26,24,15,31,38,5,23,28,55,4,25,20,33,33,15,2,8,18,15,17,30
2020-07-01,3,46,17,10,11,9,14,2,7,2,12,1,5,9,9,12,5,0,4,12,13,14,10
2020-08-01,0,44,14,5,8,6,7,1,5,0,6,1,1,4,4,5,2,0,3,10,11,13,7
2020-09-01,0,42,12,1,8,6,5,0,3,0,3,1,3,2,2,3,1,0,2,8,11,13,6
2020-10-01,0,43,12,2,9,10,5,0,3,0,3,2,4,2,2,2,0,0,1,8,12,13,8
2020-11-01,4,43,14,5,18,12,6,2,4,3,4,3,3,2,3,2,2,1,2,10,13,13,8
2020-12-01,7,43,15,10,18,13,6,2,4,4,5,3,4,2,3,3,2,2,2,14,14,14,16
2021-01-01,15,47,27,25,10,21,7,10,4,7,5,4,12,9,6,4,3,3,3,18,19,20,7
2021-02-01,27,51,44,33,11,33,7,12,5,16,6,4,13,9,10,7,6,4,3,26,20,24,9
2021-03-01,32,57,43,34,29,41,10,17,7,22,8,5,21,15,16,10,8,5,3,28,24,23,15
2021-04-01,50,50,43,68,11,63,41,13,27,59,35,2,48,41,36,30,16,4,5,28,17,17,37
2021-05-01,32,44,28,50,11,44,48,6,40,58,80,3,41,41,45,39,17,1,6,17,14,15,43
2021-06-01,8,37,14,13,9,7,15,1,16,7,39,2,11,11,14,12,3,0,3,11,9,13,13
2021-07-01,1,36,11,5,8,2,6,0,8,0,12,2,1,5,5,5,0,0,1,8,10,12,5
2021-08-01,0,34,10,3,7,0,4,0,4,0,4,1,4,3,1,2,0,0,1,8,10,12,4
2021-09-01,0,33,10,0,7,3,3,0,3,0,2,1,4,1,0,1,0,0,1,7,10,12,2
2021-10-01,46,41,26,27,13,70,19,21,15,39,22,5,28,11,17,6,2,1,1,41,17,20,5
2021-11-01,25,46,45,43,12,39,16,5,14,24,17,5,14,10,13,7,3,1,2,24,20,22,6
2021-12-01,75,53,46,26,17,101,11,58,13,40,12,5,38,23,31,16,11,9,3,57,28,34,6
2022-01-01,49,64,65,44,25,75,13,28,13,32,14,5,24,16,21,14,10,7,4,50,36,34,19
2022-02-01,34,41,34,34,15,46,12,17,11,29,11,6,25,14,20,12,9,4,3,33,17,17,19
2022-03-01,54,44,30,37,14,70,42,17,26,49,21,6,42,27,34,24,17,7,4,45,16,16,56
2022-04-01,87,50,40,43,16,116,79,34,45,79,47,3,63,48,52,50,29,7,7,58,19,20,73
2022-05-01,68,44,31,43,14,93,82,16,64,82,96,6,58,46,60,58,30,3,8,35,15,17,83
2022-06-01,26,37,16,20,12,34,36,5,31,23,66,8,24,15,27,24,9,0,5,19,13,14,42
2022-07-01,2,35,11,7,9,9,10,2,9,1,17,2,5,5,7,9,3,0,2,12,11,11,10
2022-08-01,1,32,9,4,10,5,5,1,6,0,11,4,2,6,10,11,3,0,3,10,10,11,6
2022-09-01,2,33,10,6,11,5,4,1,4,1,5,2,1,3,3,3,4,0,1,8,10,11,7
2022-10-01,0,31,10,4,9,5,5,1,3,0,4,2,2,2,2,2,0,0,1,7,10,8,22
2022-11-01,4,33,13,8,9,11,6,3,4,5,5,3,5,4,8,7,4,2,2,11,11,11,25
2022-12-01,128,45,38,33,14,119,10,135,26,78,9,8,72,47,45,24,21,13,4,61,21,27,20
2023-01-01,215,147,277,155,33,234,30,282,48,178,22,11,159,164,110,89,109,90,20,154,83,111,51
2023-02-01,56,51,53,42,15,67,16,56,20,47,15,7,46,38,40,30,29,23,8,46,22,26,20
2023-03-01,229,128,168,113,41,274,31,240,65,190,26,20,181,209,154,152,253,249,77,163,85,110,54
2023-04-01,164,125,198,191,36,197,136,105,138,179,76,57,158,128,150,130,135,103,71,162,63,68,159
2023-05-01,211,127,233,328,34,294,393,73,248,307,276,92,272,237,270,293,210,94,123,167,48,53,286
2023-06-01,119,75,87,141,18,174,303,27,219,258,340,106,212,213,253,307,188,46,98,68,23,26,172
2023-07-01,33,46,26,31,13,44,128,8,120,89,267,85,90,94,178,225,124,18,69,23,17,16,53
2023-08-01,11,47,18,11,12,15,31,5,29,10,75,34,19,18,47,64,38,11,29,17,15,14,15
2023-09-01,8,38,16,9,11,12,19,4,14,7,26,18,12,10,18,23,13,7,12,13,14,14,11
2023-10-01,6,37,15,7,10,14,14,4,11,5,13,10,5,7,10,13,8,8,8,13,13,13,6
2023-11-01,9,36,17,14,11,21,13,5,10,8,10,8,5,5,9,8,8,8,8,17,15,15,6
2023-12-01,21,48,62,65,12,29,14,8,10,14,7,8,9,6,10,8,8,7,8,29,23,26,16
2024-01-01,48,103,201,162,21,78,13,31,10,28,7,8,22,13,15,12,11,10,7,65,56,66,15
2024-02-01,84,187,317,189,34,129,13,75,13,57,7,10,50,38,36,28,28,24,11,103,91,107,19
2024-03-01,114,147,163,136,41,139,21,115,23,82,17,11,75,49,47,34,38,32,16,114,77,84,37
2024-04-01,128,102,141,185,28,160,104,72,68,135,68,12,133,90,97,83,66,40,27,115,47,48,95
2024-05-01,120,83,118,193,20,172,142,38,103,175,140,18,149,133,150,164,105,35,38,89,33,35,116
2024-06-01,37,56,39,75,12,50,64,10,57,61,124,23,57,52,87,93,56,13,24,31,18,18,55
2024-07-01,6,49,19,14,12,14,18,4,12,6,25,7,9,13,23,26,14,7,9,17,14,14,12
2024-08-01,3,45,16,4,12,13,12,3,7,2,9,5,4,6,7,10,4,4,6,16,13,14,5
2024-09-01,2,42,15,4,11,11,6,0,5,3,7,3,2,3,3,4,3,2,4,11,11,12,5
2024-10-01,3,41,15,2,10,15,8,2,5,3,5,5,3,2,2,3,3,3,3,12,12,12,5
2024-11-01,10,83,67,49,17,42,7,4,5,5,5,5,5,3,6,5,9,8,5,57,31,40,8
2024-12-01,41,129,185,152,29,103,8,14,7,14,6,5,11,7,10,8,9,8,6,78,67,82,14
2025-01-01,27,93,111,119,30,56,7,13,7,12,6,5,8,6,8,6,7,7,5,54,45,46,12
2025-02-01,156,185,220,192,76,272,16,96,16,58,9,7,50,40,37,26,34,27,11,203,115,133,48
2025-03-01,99,151,190,162,44,145,25,77,20,60,18,6,61,57,48,40,45,47,15,109,74,71,43
2025-04-01,122,116,147,195,36,170,75,65,50,112,54,5,94,73,73,75,62,38,23,108,53,51,86
2025-05-01,86,76,87,154,23,132,128,20,78,116,134,10,88,85,101,114,74,21,28,63,30,27,95
2025-06-01,25,60,32,45,14,42,47,5,40,24,88,16,36,30,53,63,35,9,19,26,19,17,45
